# Frequency, Real(S11), Imag(S11), Amp(S11), Phase(S11), Real(E0), Imag(E0), Amp(E0), Phase(E0), Real(E1), Imag(E1), Amp(E1), Phase(E1), Real(E2), Imag(E2), Amp(E2), Phase(E2), Real(I0), Imag(I0), Amp(I0), Phase(I0), Real(I1), Imag(I1), Amp(I1), Phase(I1), Real(I2), Imag(I2), Amp(I2), Phase(I2), Real(S21), Imag(S21), Amp(S21), Phase(S21), Real(ZL1), Imag(ZL1), Amp(ZL1), Phase(ZL1), Real(ZL2), Imag(ZL2), Amp(ZL2), Phase(ZL2), Real(J4avg), Imag(J4avg), Amp(J4avg), Phase(J4avg), Real(Icavg), Imag(Icavg), Amp(Icavg), Phase(Icavg), Unwrapped Phase(S21) 
7000000000.0,0.00020443470308084688,0.0024990929847470596,0.0025074407857885142,1.48917450920795,2.478505691800877,22.550084057521556,22.685882867227736,1.4613245877407823,1.318319101074495,10.985422397230893,11.06424287955755,1.4513612615325284,4.307725567767552,61.15427508223282,61.30580609045605,1.500472184198228,-8.726634914232941e-08,-7.190637880790256e-06,7.191167398159245e-06,-1.5829318378056867,-2.537313236108523e-07,-2.0960685867379778e-06,2.111369959266035e-06,-1.691261262914299,3.4099767275318077e-07,9.28670646752823e-06,9.29296488892828e-06,1.534093913016457,0.00010611197221243175,0.0001446090867968299,0.00017936426241318244,0.9377538705871736,24.79305425565044,0.9846752160391063,24.81260011777701,0.03969490696962961,24.857319623733318,0.9775311192881754,24.876533238488328,0.039305431187541394,2.965301584629423e-11,8.638153758534054e-13,2.9665594984495724e-11,0.029122540502260437,1.0000203465307536,-0.0005404477006737286,1.0000204925696303,-0.0005404366520462597,1.5586608157841062
7140845070.422536,0.00022453401140021256,0.002609219406245254,0.0026188626218651306,1.4849537131873198,2.696858246211973,23.370308536407567,23.525398306660957,1.4559077211033136,1.455762303011497,11.374817876350418,11.467594586617123,1.4435071284997465,4.572056651715368,63.227163804308276,63.39225461176882,1.498610382600458,-7.279450982987462e-08,-7.408826801120308e-06,7.409184409208609e-06,-1.5806213867457333,-2.727898857428112e-07,-2.1782504443769057e-06,2.1952652049790625e-06,-1.6953812037631653,3.4558439557268724e-07,9.587077245497216e-06,9.593303846204073e-06,1.5347650294944382,-1.1585279073648032e-06,0.00015069109514065173,0.00015069554851289104,1.5784842733284825,24.792326506090223,1.0097041382538152,24.81287883401261,0.04070398337422789,24.86108978585036,1.0016762499795735,24.881260833203097,0.04026914183548857,2.9677575161245745e-11,8.654053411651647e-13,2.9690190195684285e-11,0.029151983310235444,1.0000209563298654,-0.0005516222464928107,1.000021108470217,-0.0005516106308103176,1.5609712668440596
7281690140.845069,0.0002494820048466462,0.0027256679130956887,0.0027370617171013347,1.4795200647850897,2.9404075063556885,24.24889192894272,24.426517477630252,1.4501260065432908,1.613513394762215,11.794321079786172,11.904177216765783,1.4348360562876643,4.849885114336997,65.41245929013496,65.59200573245059,1.496788600646078,-5.3614613994007086e-08,-7.633779700445843e-06,7.633967974898295e-06,-1.5778195491787832,-2.932425754663476e-07,-2.2664221139459123e-06,2.285314071774204e-06,-1.699467176880508,3.468571894603564e-07,9.900201814391758e-06,9.906276085167741e-06,1.5357752857425213,2.9382791337634027e-06,0.00015722456780630317,0.00015725202131020998,1.5521100796340823,24.791576360733625,1.03529824540278,24.81318401388706,0.04173583151341271,24.86519548923239,1.0262622160857793,24.886364958625595,0.04124962853697808,2.972383283561998e-11,8.960281058752995e-13,2.9737335200155366e-11,0.030135980228663907,1.0000220830103361,-0.0005632319692847201,1.0000222416219473,-0.0005632194721478635,1.5637731044110093
7422535211.267605,0.0002742184612898324,0.002849137904730443,0.0028623037163592446,1.474845754519334,3.213230727033538,25.196065358829166,25.400129158560265,1.4439519532119423,1.795960801072066,12.249914310573846,12.380867328882466,1.4252233510012564,5.140478269947695,67.72562802839234,67.92043292473898,1.4950400599368239,-2.850721270315821e-08,-7.865733665063804e-06,7.865785323214345e-06,-1.5744205389922152,-3.1509467221626853e-07,-2.3615439298900984e-06,2.382472326231692e-06,-1.7034402838901577,3.436018849194304e-07,1.0227277594953902e-05,1.0233047896866617e-05,1.5372123460121179,1.6928793475002673e-06,0.0001644713449206971,0.0001644800569689472,1.5605038374295745,24.790805652142637,1.06151763569029,24.813521809150526,0.04279286485207303,24.869679775481192,1.0513264310810535,24.891891438773147,0.042248266014640636,2.9752524358021105e-11,8.935158477191713e-13,2.976593818855311e-11,0.0300225743039905,1.0000226628708273,-0.0005744916474696956,1.0000228278874,-0.0005744785649371965,1.5671721145975792
7563380281.69014,0.0003017621501801848,0.0029802926090541706,0.002995530742767345,1.4698877055215354,3.520222810782034,26.224543995427464,26.4597557888515,1.4373600630675492,2.008754906271415,12.749160510425138,12.906439865201143,1.4145212773584765,5.442124408235847,70.18523953620088,70.39591299804707,1.493411723693738,4.108406035892688e-09,-8.104842364818307e-06,8.104843406109323e-06,-1.5702894192575167,-3.382733641065413e-07,-2.464790300287769e-06,2.4878947110471995e-06,-1.707186512166996,3.3416495807065e-07,1.056963266510608e-05,1.0574913753524416e-05,1.5391912845171096,7.219340402409915e-08,0.00017207488073760173,0.00017207489588184395,1.5703767803772044,24.790017310550816,1.0884316836386314,24.813900172833723,0.043877867169612214,24.874593361287364,1.0769101201666915,24.897894093603952,0.04326655839188372,2.980688750077102e-11,9.260184806046786e-13,2.982126846245882e-11,0.031057275930070575,1.0000238811681512,-0.0005862853276266817,1.0000240530292752,-0.0005862712596126574,1.5713032343322757
7704225352.112676,0.00033254867733589766,0.0031199314205004568,0.003137604291720652,1.4646087939613068,3.8672730666866975,27.35040709226466,27.622464934993058,1.4303302329683865,2.259273995321672,13.301865338383356,13.492366006984144,1.4025554551112849,5.751547834112456,72.81395244532051,73.04075556288748,1.4919703569711693,4.629979255662249e-08,-8.351143462229972e-06,8.351271807188243e-06,-1.565252257483027,-3.6257018325152323e-07,-2.577602250101097e-06,2.6029772372245753e-06,-1.7105412914894025,3.1627039069490016e-07,1.0928745712331069e-05,1.0933321078465822e-05,1.5418650886720109,-2.0271628283756994e-06,0.00018003768056356777,0.00018004909278261308,1.582055509654307,24.78921581392368,1.1161210368013315,24.814329465816208,0.04499407162742215,24.879996397251183,1.1030586191750935,24.904436533368276,0.044306145643045636,2.985397848465384e-11,9.39789337662888e-13,2.986876688719102e-11,0.03146914207899312,1.0000247987650075,-0.0005979350551295846,1.0000249775237235,-0.0005979201561925118,1.5763403961067675
7845070422.535209,0.0003671062389168922,0.003268968210679287,0.003289516705092626,1.4589645341577606,4.261481821888656,28.59440368965636,28.910208399202535,1.4228531903447132,2.557307814923056,13.921015398747327,14.153956796331789,1.389120630932689,6.062986963115614,75.63999684510812,75.88259967636108,1.4908115008873342,1.0079955266137152e-07,-8.604503784891534e-06,8.605094185076039e-06,-1.5590821193893023,-3.8754636519909144e-07,-2.7017756662430503e-06,2.7294292326202757e-06,-1.71326586340251,2.867468125377175e-07,1.1306279451134579e-05,1.1309915064298607e-05,1.5454400318867767,-4.741826494753724e-06,0.00018835329677276139,0.00018841297546526425,1.5959661814450634,24.788407893211435,1.1446801846610914,24.814823364380064,0.046145262167285414,24.885960736000673,1.1298215790282562,24.911594460295085,0.04536880465730463,2.989109181204943e-11,9.282409437652576e-13,2.990550118232516e-11,0.031044123007663012,1.0000252839604065,-0.0006093691412493481,1.0000254696210702,-0.000609353658953559,1.582510534200491
7985915492.957746,0.00040608135395403533,0.0034284524006732344,0.0034524176934014237,1.4529010937771352,4.71144313650384,29.983982740143723,30.35188490670301,1.4149387221961571,2.9161111315203585,14.624173922532185,14.912081244676992,1.3739744122912543,6.366737215509112,78.69951796663028,78.95663031659414,1.4900728076815524,1.7126211012271196e-07,-8.864527984785082e-06,8.866182216907205e-06,-1.551478794405047,-4.1237400111519557e-07,-2.839612938013322e-06,2.8693995808406346e-06,-1.715010077446153,2.4111189099248253e-07,1.1704140922798403e-05,1.170662417969853e-05,1.55019867735438,-8.254523477749579e-06,0.0001970017749326095,0.0001971746344853801,1.6126725881319,24.787603547472838,1.1742208101449256,24.815400140591443,0.04733590546806442,24.892572837611684,1.1572529732457144,24.919458600055687,0.04645644035527589,2.9961875734367157e-11,9.6364837295141e-13,2.997736839197784e-11,0.03215140178272622,1.0000266545076553,-0.00062153958986716,1.0000268476582193,-0.0006215229434474352,1.5901138591847452
8126760563.380281,0.0004502743717560431,0.0035995944400624806,0.003627647604548852,1.4463524160748147,5.227684323548192,31.556630026940276,31.986709459459252,1.406626867695415,3.3541317986207817,15.435716948809613,15.795934851925905,1.3568258909024848,6.6468854630672745,82.04051964732756,82.30934303201958,1.489953363454931,2.626386510522345e-07,-9.130418119384653e-06,9.134194769973657e-06,-1.5420390185956736,-4.355667091075241e-07,-2.994184083125058e-06,3.025699370678158e-06,-1.7152539390731043,1.729280580552958e-07,1.21246022025097e-05,1.2125835339570048e-05,1.5565347179716673,-1.2812820193256166e-05,0.00020594295838257824,0.00020634115069145337,1.632931623014258,24.78681768789743,1.2048762393783679,24.816084659858884,0.0485713253468897,24.899937547491824,1.1854107165415255,24.928138487177183,0.0475710584541602,3.00240178566342e-11,9.729865519765552e-13,3.0039779477982455e-11,0.032395602672506754,1.0000275817544282,-0.0006335249790461144,1.0000277824258228,-0.0006335074210487874,1.5995536349941182
8267605633.802816,0.0005006885065937938,0.003783796274411916,0.0038167791692588944,1.4392362521797066,5.823624746497609,33.365684373634515,33.870097415109655,1.397997660456068,3.898116510497032,16.39066663265263,16.847826714213372,1.3373085427491664,6.877963511518339,85.72993323610265,86.00539421880697,1.4907395351755468,3.8174806552598926e-07,-9.400765436412844e-06,9.408513292544535e-06,-1.5302104364115503,-4.545269587306756e-07,-3.1697930540654694e-06,3.202215289735319e-06,-1.7132187364668532,7.277889320468117e-08,1.2570558490478316e-05,1.2570769170175411e-05,1.5650067606354001,-1.875766774819116e-05,0.0002151063919422264,0.00021592269439258638,1.6577781125051263,24.786072760809656,1.2368074345661704,24.816911482582775,0.04985793644181728,24.908182973449012,1.214355550417582,24.93776731068051,0.048714705318680634,3.009273280784581e-11,9.798673516304968e-13,3.0108681603005995e-11,0.03255009354408582,1.0000284973285365,-0.0006456580287082989,1.00002870575972,-0.0006456395399919365,1.6113822171782437
8408450704.225351,0.0005585994624496271,0.003982687216466203,0.004021670153512384,1.431448408077504,6.5183398971963245,35.49096628152991,36.0845873277231,1.3891586451073674,4.589441302253072,17.54150165725033,18.131940101879398,1.3148989796601755,7.020786353744466,89.8669868189694,90.14081628732761,1.4928304891929702,5.38165257871368e-07,-9.673241241277416e-06,9.688199933771495e-06,-1.5152191906377552,-4.6478897575538246e-07,-3.3728678178646398e-06,3.4047417095531208e-06,-1.7077361774261093,-7.337628211598807e-08,1.3046109059142054e-05,1.3046315405577375e-05,1.5764206480448575,-2.6567820582898653e-05,0.00022437598585549643,0.00022594342681111798,1.6886551572315325,24.785403189439172,1.2702111972500225,24.817929965020877,0.05120356169175135,24.917466712031693,1.2441486060803093,24.948508033532168,0.04988935040498998,3.016905808902027e-11,9.834735006745812e-13,3.0185083834655966e-11,0.03258720732144905,1.0000293879755886,-0.0006579628754656428,1.000029604426777,-0.0006579434448979858,1.6263734629520383
8549295774.647886,0.0006256570203773126,0.004198163821503995,0.00424452897025482,1.422854081865534,7.345596295476287,38.05835187971726,38.76075247897664,1.380132036469344,5.498777106000016,18.969842679716006,19.75073368142675,1.2886593683571983,7.020363681769232,94.60906057562832,94.86917228071094,1.4967281475582426,7.456736908284353e-07,-9.944131322178905e-06,9.972049789583549e-06,-1.495950094840223,-4.5882304616453113e-07,-3.6137858900064314e-06,3.6427965969157913e-06,-1.697085271950868,-2.868506446639067e-07,1.3557917212185335e-05,1.3560951383469215e-05,1.5919505977673545,-3.693246140839653e-05,0.0002335665896237932,0.00023646851480518949,1.7276217904269224,24.784863278729645,1.305331439043271,24.819213080012755,0.05261786348709298,24.92798353018432,1.2748465963604783,24.96056082553821,0.051096668753765485,3.0230293934000374e-11,9.396567763152616e-13,3.024489421693081e-11,0.031073278043523337,1.0000294074934146,-0.0006699073995607985,1.0000296318747532,-0.0006698875996387733,1.6456425587495709
8690140845.070423,0.0007040378195963815,0.00443242720381618,0.004487992888647635,1.4132742764448232,8.382802782948307,41.27237781288395,42.115086997740384,1.3704128738011458,6.762555242637597,20.80205336286809,21.87367316024761,1.2564823447002147,6.817786151513417,100.21898804446859,100.45062355538221,1.502872094256768,1.0247936938444048e-06,-1.0207653545679774e-05,1.0258966469560768e-05,-1.4707369578013747,-4.244660677966216e-07,-3.910788332133693e-06,3.933756070406979e-06,-1.6789103262806777,-6.003276260477792e-07,1.411844187781347e-05,1.413119932333393e-05,1.613291541342105,-5.087761522359493e-05,0.000242389454349672,0.00024767151493615874,1.7776930145095033,24.784542075254723,1.3424741858084197,24.820873530551527,0.05411290548104324,24.939973974931696,1.306493002007843,24.974171174126397,0.05233765908886798,3.034962144676122e-11,9.756768250114637e-13,3.036530038100353e-11,0.032136839605771884,1.0000310062633186,-0.0006832088604214219,1.0000312396432287,-0.0006831875710328632,1.6708556957884186
8830985915.492958,0.0007966788333019226,0.0046879926464141256,0.0047552047501936475,1.4024642023546807,9.830762091380738,45.45122367410475,46.50223238480954,1.3577850322799234,8.667173714667143,23.208266793985178,24.77384806163573,1.213383495006116,6.407812970152632,107.13357992533987,107.32503908538607,1.5110560640822064,1.407483836808659e-06,-1.0455184754864286e-05,1.054949757141184e-05,-1.4369801711520833,-3.44151623105552e-07,-4.298224472770733e-06,4.311980282655688e-06,-1.6506942001185787,-1.0633322137031086e-06,1.4753409227635019e-05,1.479167871591203e-05,1.6427455769697326,-7.000121664331597e-05,0.0002504132716187657,0.00026001341683528213,1.8433809793972298,24.784591934030804,1.382024384482368,24.823093859060524,0.05570374775966544,24.953731727522246,1.339103386737845,24.989636352086503,0.053612028172682555,3.0425315207642446e-11,9.04097575813504e-13,3.043874501208928e-11,0.0297065652286355,1.0000305652376749,-0.0006954740186279312,1.0000308070723092,-0.0006954526498293735,1.7046124824377105
8971830985.915493,0.0009076128626478441,0.004967604070052995,0.005049836760257791,1.3900832041187257,12.17368556089335,51.00227296424266,52.43501184947536,1.3364912386814014,11.790521644397794,26.310985268730334,28.832002123653467,1.1495055509907774,5.983572749515872,116.00808373849424,116.1622943795715,1.5192630645734984,1.9461646604320434e-06,-1.067552307795008e-05,1.0851467636838776e-05,-1.3904749432063344,-1.9956951925631647e-07,-4.841854195340275e-06,4.84596533643715e-06,-1.6119905905588108,-1.7465951411757259e-06,1.5517377273290358e-05,1.561536397362568e-05,1.6828819396814911,-9.692429596888849e-05,0.0002570772100644793,0.00027474171704275477,1.9313403420086044,24.785278521334927,1.4244539622211227,24.826177725752174,0.057408624059662475,24.969605362689755,1.3726451138262374,25.00730586402653,0.05491736407219502,3.05767207106153e-11,9.32399233893766e-13,3.059093358736108e-11,0.030484315196723743,1.0000321298660209,-0.0007095429770456543,1.0000323815835197,-0.0007095200611954065,1.7511177103834594
9112676056.33803,0.0010423594192963126,0.005273950591678322,0.005375971354319131,1.375668136487017,16.362937638699435,58.23010157946863,60.48545658357224,1.296856122776683,17.09952664849638,29.90098316115895,34.44506649153909,1.051316211017409,6.1467031672831,127.6386921598272,127.78661000315262,1.5226764498656,2.729828998984323e-06,-1.0860406150591326e-05,1.1198231472848635e-05,-1.3245417711243817,7.858215421377984e-09,-5.659750909129965e-06,5.659756364451306e-06,-1.569407889300391,-2.737687214406008e-06,1.6520157059720614e-05,1.6745462685807128e-05,1.7350218252214957,-0.00013609649771199035,0.00026196703509363405,0.0002952100678588369,2.049935858047351,24.78704808370439,1.4703006951001545,24.83061692423056,0.05924787346205459,24.987991734280712,1.4070161081186054,25.02757329908329,0.056248294687299354,3.066550114576925e-11,8.13426473969408e-13,3.067628763637688e-11,0.0265195657591804,1.0000308517954046,-0.0007221387607922118,1.0000311125295211,-0.0007221163566858712,1.8170508824654543
9253521126.760563,0.0012082330454853407,0.005609138692398392,0.005737792603672907,1.3586336849628324,23.84869832657588,66.95872088018979,71.07904553230289,1.2286353155888867,25.77826402345108,33.001963287732906,41.876586261389825,0.9076783865970814,8.058695703951262,142.72099565278495,142.94833044345478,1.514391537811071,3.907013478122536e-06,-1.1024796755920116e-05,1.1696619076792145e-05,-1.2302211372009062,2.0915114402369338e-07,-6.9348153015191876e-06,6.937968540374848e-06,-1.5406458822830202,-4.11616462214554e-06,1.7959612057438757e-05,1.842526733728176e-05,1.7960953349960684,-0.0001949446552535391,0.00026582979903502833,0.0003296496635322487,2.203552017721266,24.790588101163017,1.5201065779723006,24.83714924080298,0.061241214479989876,25.009323829393367,1.4420266600559315,25.050862645661024,0.0575957904381659,3.085566615188615e-11,8.210778371454471e-13,3.086658877315899e-11,0.026603999141852408,1.0000321378845836,-0.0007371901064314388,1.0000324096004407,-0.0007371662819333736,1.9113715163888465
9394366197.183102,0.001414438103830462,0.005973987764654161,0.0061391501823790835,1.3383113038604502,36.32351204281746,76.12332686067117,84.34547065172667,1.1255816922378392,38.65810498575816,33.55623820712912,51.190528456966454,0.7148664156298441,13.428747509828048,161.52848257442278,162.08572405513792,1.487851589547605,5.705688916931826e-06,-1.1254452708380482e-05,1.261814533843906e-05,-1.10158693279923,1.9439715121658099e-07,-8.891390829765808e-06,8.893515679417483e-06,-1.5489362838633165,-5.900086068148404e-06,2.0145843538146286e-05,2.099204676716945e-05,1.8556978287101196,-0.0002848673143747562,0.00027295276982410325,0.00039452832769490214,2.3775503601791144,24.796858469686995,1.5743274245157985,24.846784435923897,0.0634038878060977,25.034055834417376,1.4773828332256564,25.077611759428702,0.05894655242354869,3.094131078816777e-11,6.267811182914612e-13,3.0947658519833674e-11,0.020254326343257766,1.000029453512428,-0.0007498635656691159,1.0000297346517917,-0.0007498413396679556,2.040005720790563
9535211267.605633,0.0016718987213403258,0.006367258556002247,0.0065831016134800194,1.3140155101988826,55.19959155278258,83.53302608620402,100.12373022771608,0.9868582010891565,55.38529045654906,28.545607841877356,62.30876443983265,0.4758919862559777,24.335905675930924,183.61995558808798,185.22560404879013,1.4390301488492385,8.426495044556416e-06,-1.1786899335075419e-05,1.4489196481210928e-05,-0.9501379165616514,-4.5936310225668744e-07,-1.1709270153213575e-05,1.1718277261639322e-05,-1.6100069396502172,-7.96713194230032e-06,2.349616948828917e-05,2.481018282900054e-05,1.8977118729381592,-0.0004208964702652093,0.00029521226921263454,0.0005141051668436967,2.529934899762299,24.807087174289766,1.6332321077602558,24.860792851207123,0.06574244036433337,25.06264368688512,1.5126699132699244,25.108251210354627,0.060282432885199924,3.1170961953013705e-11,5.964163684935388e-13,3.117666726192579e-11,0.019131382691073267,1.000030085542569,-0.0007660334877694589,1.0000303789373512,-0.0007660102921052601,2.191454737028168
9676056338.028168,0.001992820023491104,0.006784905434227287,0.007071511394138742,1.2851166646791972,80.94635986664173,85.94057335557832,118.05971084305352,0.8153149659785222,73.65637464214771,14.7058870752324,75.11008347814497,0.19706411515503566,42.92802250702314,207.63831471632764,212.02944336718946,1.3669244252417427,1.2377004456948072e-05,-1.3113339815463476e-05,1.803191394287174e-05,-0.814276967137548,-2.410467364490327e-06,-1.5369522839589916e-05,1.5557396479872493e-05,-1.7263633297071201,-9.966537092459118e-06,2.8482862655053473e-05,3.017623778143993e-05,1.9073940505264608,-0.0006184107628580565,0.00035716913801859596,0.0007141440084266129,2.6178368150714055,24.822732642854444,1.6968036002688485,24.880659121424358,0.06825066960468296,25.095518717361657,1.5473375968563683,25.143176277711905,0.06157996721496596,3.1211905126377535e-11,3.018866998480316e-13,3.1213365041237343e-11,0.009671863516251955,1.0000254160504034,-0.0007780349317339426,1.0000257187118426,-0.0007780150006820456,2.3273156864522986
9816901408.450703,0.0023899909859255164,0.007219430130892865,0.007604750379049202,1.251102347777229,112.45818894059394,79.47697196180876,137.70778239451997,0.6152248952684598,88.91415514201815,-10.233542311584669,89.50113056750659,-0.1145904264306783,71.04086510300549,231.23534362008334,241.90202283916815,1.2727259765194696,1.7720056762652802e-05,-1.6062754363953627e-05,2.391678258939418e-05,-0.7363798979720148,-6.471612762779008e-06,-1.9462039062947715e-05,2.0509820482858127e-05,-1.891819122660476,-1.1248443999876832e-05,3.552479342690137e-05,3.7263097569074685e-05,1.8774451709716284,-0.0008855521859451554,0.0005002734434199074,0.0010170920274112144,2.6273605047836384,24.845415487921244,1.7646500209261706,24.908003943788657,0.07090610608950823,25.1330537336508,1.580690121832702,25.182711753102325,0.0628101512650998,3.132303165442942e-11,7.992977045675735e-14,3.132313363622155e-11,0.002551783551742086,1.000022176037753,-0.0007918986580154139,1.0000224895824927,-0.0007918809317072445,2.4052127556178635
9957746478.87324,0.0028758524551363296,0.007659413865222221,0.008181512580352856,1.2116168314713323,146.63960539698098,60.42838215485801,158.60253226489118,0.39088320768650636,94.8312096236772,-46.09108594400508,105.4388283422548,-0.4524116095432972,109.78332258789128,251.1473299654913,274.0937052674365,1.1586988574579191,2.4234034654109994e-05,-2.180557995955812e-05,3.260018026007352e-05,-0.7326999322067647,-1.339108051871514e-05,-2.3022763731534423e-05,2.66339761826275e-05,-2.0976103262305474,-1.0842954135394881e-05,4.482834369109293e-05,4.6121036983886515e-05,1.808115509565996,-0.0012112398853883996,0.0007830480735405432,0.0014423128458941421,2.567692605047454,24.87682254829082,1.8359332022781116,24.944477361179125,0.07366740117807477,25.175522483575072,1.6118846276257282,25.22707086393048,0.0639385931764176,3.160023451034431e-11,-4.212761069846916e-14,3.160026259138266e-11,-0.0013331415539763396,1.0000209146147556,-0.0008097614994291284,1.000021242464688,-0.0008097443869541317,2.40889272138302
10098591549.295774,0.003461374457839894,0.008089303894611441,0.00879874710608063,1.1664759612379096,178.38208540879575,26.24298855068181,180.3021432009673,0.14606893492431808,84.70891594379613,-89.05202307595215,122.90591220235517,-0.8103876867231332,159.14362366076207,263.4349959210451,307.7737643591463,1.0273605017294924,3.102601554142786e-05,-3.170642873304778e-05,4.436114587542528e-05,-0.7962440107055387,-2.3506258497832065e-05,-2.4494052861365157e-05,3.394853184074759e-05,-2.335618478702881,-7.519757043597972e-06,5.6200481594412804e-05,5.670133047326732e-05,1.7038086643363737,-0.001550827743875075,0.0012737243467368057,0.0020068483755986046,2.453986805644736,24.918587468120567,1.9093221786346832,24.991628850241067,0.07647298423820478,25.22305467452169,1.639940658985506,25.276310895360194,0.06492614374934363,3.1440163144128926e-11,-4.742775073225056e-13,3.1443740198700846e-11,-0.015083940072671144,1.0000131932514609,-0.0008180755555932045,1.0000135278707976,-0.0008180645801680045,2.345348642884294
10239436619.718311,0.00415481192273226,0.008489522590165308,0.009451690638304092,1.1156608601282618,201.93109610100277,37.82321160376725,205.44284584422928,0.18516199474511966,50.934417123847645,-254.79689140676035,259.8379701242575,-1.3734949657594393,217.67913876931974,263.88271159651384,342.0793664266842,0.8810506226173642,3.597998319787722e-05,1.877185112209091e-05,4.058252808129962e-05,0.4808804198667817,-3.6271104320736395e-05,-6.881326405263914e-05,7.778726321335635e-05,-2.055883981592037,2.9112112285918657e-07,5.004141293054826e-05,5.00422597370844e-05,1.5649787884482993,-0.0017985149586350027,-0.0012545550942990834,0.0021928439390585114,3.750672797764993,24.972153959538907,1.9829784146790883,25.050761999827422,0.07924130946844288,25.275589787235386,1.6637630626352722,25.33028911444137,0.06573007087631194,3.1423917474148405e-11,-7.920692719330502e-13,3.143389831302554e-11,-0.0252006005384384,1.0000076355004106,-0.000829910958171822,1.000007979873821,-0.0008299044309048551,3.6224730734565735
10380281690.140846,0.004960433103447737,0.008836948965779846,0.010133980639293605,1.0592970802646746,207.4936140848791,-85.93542619960095,224.5851672798357,-0.3926528317681394,0.7044036498516874,-162.09850563768615,162.10003613347195,-1.5664508258093401,282.3529340203676,248.52791335846834,376.1506387981076,0.7217692717057806,3.724115865736144e-05,-6.81303777399006e-05,7.764439625062655e-05,-1.0705548621159116,-5.028064306820432e-05,-1.3270460122804414e-05,5.200238628393032e-05,-2.883549022782084,1.3039484410842878e-05,8.140083786270505e-05,8.243861084741185e-05,1.4119571997664204,-0.001861562588951095,0.003086191401477268,0.0036041632370266644,2.113558779221131,25.03862989601058,2.054578302140009,25.12278406285854,0.0818729110256757,25.3328338217776,1.682179528447852,25.388623385440347,0.06630579140424456,3.13463590155799e-11,-1.1213582649749119e-12,3.136640986616184e-11,-0.035757910201350544,1.000001617098576,-0.0008406330344050923,1.0000019704298917,-0.0008406314770068461,2.07103779147388
10521126760.56338,0.005877335053928734,0.009105793827369589,0.010837829513454324,0.9976263200751049,191.4697838406415,-155.2833520046002,246.52301623533359,-0.6814166382019773,-68.96143089846727,-169.82843193124674,183.29586804887387,-1.9565204390912108,348.57063101879504,214.26589894191844,409.15933358317693,0.5511572899409029,3.0366719164595405e-05,-9.434527398773835e-05,9.911189815881253e-05,-1.2593998700857776,-6.248478100957828e-05,2.6851261630292807e-06,6.254244766817443e-05,3.0986465932335485,3.211806184497806e-05,9.16601478247085e-05,9.712441812399832e-05,1.2337618419444527,-0.0015178295037743773,0.004392571285729227,0.004647417444424472,1.9034965133734154,25.11864213001004,2.121376485626038,25.208062611975596,0.08425433033063626,25.394223698223207,1.6939926744391258,25.45066223925136,0.06660911024073296,3.120339417757638e-11,-1.4471470529384025e-12,3.1236933953159296e-11,-0.04634466436712296,0.9999954052953918,-0.0008501055033674419,0.9999957666366702,-0.0008501092045817599,1.8821927835040635
10661971830.985918,0.006898470741496632,0.009268852458748063,0.011554242704449528,0.9309765478138002,149.22603393044628,-222.539561252311,267.94078734858897,-0.9801034720288072,-144.07274845358663,-145.60371434769854,204.83505188032797,-2.3509094503753434,410.4502997823354,159.45258177111413,440.334616428101,0.370537863386929,1.2074464849344e-05,-0.00012289760089883344,0.0001234893234578884,-1.4728624548715157,-6.91904817284849e-05,2.585923421262253e-05,7.386489528783662e-05,2.7839273065326466,5.711601687914385e-05,9.703836668620789e-05,0.00011259966249179253,1.0388072123538383,-0.0006032057161625049,0.005815822192982812,0.0058470201741059975,1.6741448421019072,25.21220319197312,2.1803110367017213,25.30630249582311,0.08626378728577165,25.458904164073722,1.6980449949239012,25.515468995107184,0.06659885023094132,3.099550684294898e-11,-1.7535119211114485e-12,3.104506802229264e-11,-0.05651286168687659,0.9999893022392132,-0.0008582752194906582,0.9999896705612618,-0.0008582841904596233,1.6687301987182557
10802816901.408451,0.008010008934464796,0.009299077036677365,0.0122732667560135,0.8597344291670895,80.88989545549934,-276.96812564005955,288.53858980623266,-1.286644468349859,-208.60929780123806,-86.60543691095128,225.87239944637415,-2.7480892749499266,461.3273331293954,84.41348188890802,468.9867207255331,0.1809775034891296,-2.028032874423032e-05,-0.0001489345535312558,0.00015030899164563823,-1.7061333450319012,-6.645443244691764e-05,5.4153289395296804e-05,8.57249691990187e-05,2.4578360155047974,8.673476119114737e-05,9.478126413595811e-05,0.00012847726191858084,0.8296985958883594,0.0010145449890227554,0.007113303479338547,0.007185289689631244,1.429125390730152,25.318601646616678,2.2281485419740026,25.41645599341422,0.08777826616523596,25.525721611804844,1.6932933184943357,25.581823743936212,0.0662396960455179,3.121121943996413e-11,-2.2044685754194094e-12,3.1288974106378223e-11,-0.07051354437446727,0.999979519434185,-0.0008765005435732286,0.9999799035685796,-0.0008765182706961524,1.435459308557896
10943661971.83099,0.009191129292095868,0.0091713707591775,0.012984255822584471,0.7843221375165764,-8.7139703836681,-307.83947109462855,307.96277899068923,-1.5990956349753636,-245.36126277503791,1.4311462891660178,245.3654365436628,3.13575990703763,494.45909594888917,-8.234299988980561,494.5276546998169,-0.016651607755497136,-6.717284141407775e-05,-0.00016581600894828084,0.00017890539244857094,-1.9556955302870644,-5.1250195992305405e-05,8.331661435586226e-05,9.781738504464934e-05,2.1222635364700766,0.00011842303740637815,8.249939459241812e-05,0.00014432659455785666,0.6084740200418453,0.0033591815929771202,0.007953008809781127,0.00863333366105194,1.1711480298784522,25.436327755701853,2.261663963684378,25.53667741857027,0.08868151055735007,25.59323815766832,1.6788879294094463,25.648245633466757,0.06550503352496036,3.0409439995362446e-11,-2.249654989629196e-12,3.0492539881156385e-11,-0.07384431913859446,0.9999786115621154,-0.0008709392025914086,0.999978990837703,-0.0008709576107921967,1.1858971233027547
11084507042.253523,0.010414322436154366,0.008864473150520663,0.013676146973489645,0.7051792830553338,-110.13419489989663,-306.59315723669835,325.77431597751115,-1.9156606508700165,-240.70368046475582,103.88520270651087,262.16482817237727,2.7341538303407966,503.8561981832888,-113.52632127909037,516.487457805977,-0.22161417184695006,-0.00012582306110727967,-0.00016616469352536605,0.0002084278006427767,-2.2189016014340543,-2.266521999569187e-05,0.0001074148988634891,0.00010978011065446557,1.7787521188850182,0.0001484882811029683,5.874979466187533e-05,0.00015968815860209127,0.3767531268773401,0.006291703483964208,0.007966074500430548,0.010151052934377652,0.9022983518812748,25.563045173519495,2.277846838643553,25.664330592550368,0.0888723011894191,25.65976777002807,1.654250417417458,25.71303611896692,0.06437955045448532,3.048674967951335e-11,-2.8147562589504055e-12,3.0616413225892554e-11,-0.09206619248474988,0.9999652475761562,-0.0008863611550107639,0.9999656404077794,-0.000886391727136626,0.9226910521557464
11225352112.676058,0.011646222109558013,0.008362786047658975,0.014337736219643515,0.6227498705425433,-210.39802930761928,-268.90308302659133,341.43256844908,-2.2347320977717886,-189.3011154280955,199.6645568668379,275.13787011451524,2.329557203276716,485.13525814894143,-224.4105170185541,534.5243669354792,-0.4332603800328809,-0.0001896662580733317,-0.00014355819958242872,0.00023787022957673398,-2.4936907914838256,1.71794584433463e-05,0.00011997939901549397,0.00012120309393957638,1.428576286551807,0.0001724867996299843,2.3578800566934217e-05,0.00017409094141502483,0.1358570973318664,0.009483874164225697,0.006831380262119904,0.011688097597494174,0.6242307162636448,25.69561762513977,2.2741221285436803,25.796053895759442,0.08827234405235876,25.72343435288348,1.6191438070410265,25.77434192321862,0.06286137815153171,3.04956112285004e-11,6.235621895381844e-12,3.112660091661159e-11,0.20169571879059633,1.0001659213159413,-0.0008951894172203818,1.0001663219314367,-0.0008950406718495161,0.6479018621059685
11366197183.098593,0.012848949586449221,0.0076579851222567975,0.014957949111018531,0.5374737742369239,-295.06033225676913,-196.13545472452657,354.3017305510541,-2.5549320178318,-97.13365750806432,266.1384074465529,283.3100763105353,1.920748432165973,436.26878255329933,-332.3285775724744,548.4275103437847,-0.6509800019654808,-0.0002487581259374422,-9.4541544549362e-05,0.00026611784770226766,-2.778398374751643,6.288152839872973e-05,0.00011565364101936739,0.0001316428930660404,1.0727985353416323,0.00018587659753871208,-2.111209647000224e-05,0.0001870717245601992,-0.1130965711731081,0.012438478305252415,0.004376177056390315,0.013185851060098926,0.33830040288849367,25.830196806997986,2.248570979035056,25.927883417973163,0.08683312600201114,25.78224974374568,1.573728658757838,25.83023468225308,0.060963592098673136,3.1081150869493495e-11,6.1971603554818205e-12,3.169294457515382e-11,0.19680553904985248,1.0001669984702417,-0.0009210372955282322,1.0001674225541803,-0.0009208832490798385,0.3631942788381614
11507042253.521128,0.013981905120825977,0.006750272040497003,0.015526102003674176,0.44978204897528123,-350.8484881855265,-95.7623987475787,363.6826895467528,-2.8751378075728855,18.50023621866437,285.40891931248785,286.00788444248974,1.5060667769747829,358.10676300080615,-428.0745069052339,558.1113125256239,-0.8741612692551585,-0.00029129299442349316,-2.0414577637072006e-05,0.00029200747178848913,-3.0716244305090292,0.00010644685572876122,9.19222397154354e-05,0.00014064363209488612,0.7123084376896353,0.00018484613869473447,-7.150766207836696e-05,0.0001981954609123704,-0.36911871070638885,0.014565232383734,0.0006654573605697183,0.014580426190304247,0.0456563202644854,25.96237398061584,2.200133999334761,26.055430380716935,0.08454118616387497,25.834207815625415,1.5185995561495946,25.87880287171065,0.05871494376029041,3.165117462868343e-11,6.064837898831669e-12,3.2226993563075644e-11,0.18932015486415726,1.0001656520383664,-0.0009469056233312664,1.0001661002791435,-0.0009467485095966436,0.06996822308075107
11647887323.943663,0.015003901901747496,0.005649144929022142,0.01603215240403979,0.36009535569268314,-368.35216331917366,19.50216528972101,368.86806675680486,3.0886976916035205,132.51872188664007,250.03785965504963,282.98435100080525,1.0834419428711315,254.56475505925314,-502.8355233723116,563.6016129177456,-1.1021544663946738,-0.0003060796126685983,7.18435066168389e-05,0.0003143981850048804,2.9110445079317864,0.00013891393967181283,5.036946643620608e-05,0.00014776388525012508,0.3478507383480387,0.00016716567299679454,-0.00012221297305304164,0.0002070757663536096,-0.63128776159526,0.015304573847111995,-0.003951819163700212,0.015806544699721464,-0.2526922115996193,26.087392778861997,2.128777804597791,26.174104701784337,0.08142138004477542,25.877389436105062,1.4547975396313546,25.918250710824594,0.05615975229137745,3.232842691136399e-11,6.133185514976824e-12,3.290506269747141e-11,0.18748680255812217,1.0001672799505696,-0.0009760984495249725,1.0001677562548716,-0.0009759348852909504,-0.23054814565798995
11788732394.366196,0.01587550702701146,0.004373596178920552,0.01646693860135996,0.2688247911344803,-344.12446878127207,133.78000238524606,369.2136766862641,2.7708179365691983,218.46113432452094,166.22238682805943,274.50892352193836,0.6504270915391644,132.41415422145002,-549.279437182149,565.0145204765275,-1.3342409680134915,-0.0002854429115740693,0.00017003004512503104,0.00033224670353985763,2.6043623719130307,0.000152577674579397,-3.04497287798488e-06,0.00015260805561923666,-0.019954221584028042,0.00013286523699467198,-0.00016698507224705198,0.00021339443656057087,-0.8987003873515494,0.014272749231917927,-0.008865519478717682,0.01680204768070655,-0.5558260497044263,26.20041461742889,2.0356050438636104,26.279372405363567,0.07753785595365151,25.910071967383388,1.3837954420890624,25.94699826917428,0.053356933551063766,3.290092670448348e-11,5.7958849890890376e-12,3.340753299512763e-11,0.17437267712039847,1.0001603989206809,-0.001002475774789499,1.0001609013188097,-0.0010023146688910888,-0.5372302816767788
11929577464.788733,0.016561431704844365,0.0029516837056441647,0.01682240936407117,0.1763744319357754,-281.6424047094896,230.93578682175212,364.2166687090608,2.4547983261509723,255.96466694756123,53.03554453726768,261.4013766412496,0.2043077012291099,0.6678132274049595,-562.5297420659177,562.5301384666024,-1.5696091666080858,-0.0002277410744323669,0.00025872577738741444,0.00034468104802604213,2.2925870634751133,0.00014319603481646335,-5.8961225215755394e-05,0.0001548597122110874,-0.3905960094959109,8.454503961590355e-05,-0.00019976455217165896,0.00021691874061039116,-1.1704314091789538,0.011387667693137529,-0.013304680662008092,0.01751266693017772,-0.8628786572434438,26.29682109831381,1.9228896816957135,26.36703063685204,0.07299260469157622,25.930836218391562,1.307454607490517,25.963776777188947,0.05037817985090682,3.3112362402212284e-11,5.179479886970975e-12,3.351500493443166e-11,0.15516398793191616,1.0001479113844352,-0.0010202050385552364,1.0001484317164968,-0.0010200538071399629,-0.8490055901146801
12070422535.211267,0.017032798716403175,0.0014194633082032192,0.01709184332355176,0.08314492933154893,-190.81813459213606,297.6809273058339,353.58944408859793,2.1408297127482645,236.9051629682985,-62.4096558327628,244.98779843535058,-0.25758500347665236,-130.38007931460382,-540.871799630062,556.3643309173804,-1.807339007813329,-0.00013864373265328424,0.00032252902081341246,0.00035106559767498444,1.9767799097124623,0.00011146154316693872,-0.00010671901586989122,0.0001543133952493867,-0.7636648769575954,2.7182189486345514e-05,-0.0002158100049435213,0.00021751512512695358,-1.4455018637260517,0.0069328107915134895,-0.016499218625890173,0.01789659410993743,-1.1730066244516677,26.37253066355131,1.7940236394740627,26.433480558166114,0.0679215809471634,25.938663192360654,1.2279531537313328,25.96771297504815,0.047305331006438266,3.380989151623738e-11,4.869655917858346e-12,3.415878090766813e-11,0.1430467650251398,1.0001392976192802,-0.001050008638716484,1.0001398488014206,-0.0010498620096611796,-1.1648127438773304
12211267605.633804,0.017269109497160318,-0.00018068415985750957,0.017270054707224758,-0.010462471563861868,-86.10606540147609,326.14386202803,337.3189488265993,1.8289191545817576,168.02953098875975,-152.55762977504475,226.95319712857585,-0.7371744420413844,-250.33805819525602,-486.06391340824393,546.742417687441,-2.0463964224149613,-3.058273510172362e-05,0.0003497162206117833,0.00035105090605963644,1.6580245658873836,6.317329313657663e-05,-0.0001370408526874761,0.00015090082925892212,-1.1388478304386722,-3.2590558034853005e-05,-0.0002126753679243072,0.00021515798055094908,-1.7228543109065708,0.0015297709598672106,-0.017862955580738242,0.017928340170497672,-1.4853654752981318,26.424300781388006,1.65336843321555,26.4759758830759,0.06248853480499403,25.93301262095844,1.1476879086840315,25.95839615874851,0.04422700611743575,3.412114734868764e-11,4.3194658134470975e-12,3.439346567742762e-11,0.12592223796453422,1.0001259562312563,-0.0010703026407201663,1.0001265289328283,-0.001070167437871837,-1.4835680877024098
12352112676.056341,0.01725973847487794,-0.001802246102738804,0.01735357782234024,-0.10404204299681234,16.3809787163934,315.2775731246048,315.7028422093273,1.5188856821936048,69.00432354486578,-197.3516553117541,209.0676266717875,-1.2344319129544612,-349.9562938590628,-403.1838100658701,533.8788180016156,-2.2856376844315487,7.968179710762387e-05,0.000335263976910259,0.0003446028482238404,1.3374567168760643,7.935533724499917e-06,-0.00014448976359785805,0.00014470751355771954,-1.5159303679902236,-8.761733083212379e-05,-0.00019077421331240084,0.00020993236321994576,-2.0013343735339,-0.003983445758303229,-0.017144721403302948,0.017601400856358515,-1.7990882882755443,26.449983756636303,1.506015908607463,26.492824021672412,0.05687684337900074,25.913875341804935,1.0691545456841465,25.935921550489837,0.04123460903607243,3.432825949377534e-11,3.739179051506878e-12,3.453130260866516e-11,0.10849648886762184,1.0001114549901726,-0.001087904151956758,1.0001120466917715,-0.0010877824840756038,-1.8041359367137295
12492957746.47887,0.017004803152163794,-0.0033971530961651696,0.017340818302566473,-0.19718025313894413,102.06092386137793,270.76014742571476,289.3570279316416,1.2103239998093942,-33.59282137557675,-189.84398261254327,192.79319329831915,-1.745933056099669,-422.2311992104038,-300.01602041313834,517.9660202090407,-2.523821753299668,0.00017480905102994432,0.00028226037066235443,0.0003320077125134888,1.016293067685224,-4.329061538415646e-05,-0.0001289011539100293,0.0001359764128798669,-1.8948043322709671,-0.0001315184356457879,-0.0001533592167523251,0.0002020300677562671,-2.2796769437117725,-0.008739798727977012,-0.014498919974613111,0.01692934618453364,-2.113264507507895,26.448705457191892,1.3574743643806382,26.483518591970412,0.05127979811307639,25.881792451549742,0.99481324067867,25.900904113349537,0.038417886556538466,3.410325161925744e-11,3.2812732932799335e-12,3.4260743211897444e-11,0.09592058115979303,1.00010107963596,-0.0010949376654743933,1.0001016790194404,-0.0010948265633233044,-2.1252995859045702
12633802816.901411,0.01651529964207843,-0.004918544794308109,0.01723215613790832,-0.2894532746953563,160.60520681916566,203.43763428992537,259.19279215076256,0.9025173607337076,-114.32269055035839,-137.56370522350025,178.86713104841553,-2.2641871531049937,-463.20105986198365,-186.0653078962353,499.1748397703813,-2.7596263737444224,0.00024088196463138082,0.00020119463990982294,0.0003138525195264761,0.695863415727702,-8.103709626773947e-05,-9.530072744438794e-05,0.0001250969209170889,-2.2754821166216175,-0.00015984486836364124,-0.00010589391246543494,0.00019173915259911573,-2.556494619020363,-0.012043434860042857,-0.010450013046384425,0.01594512765385402,-2.4269157259041454,26.42094279989909,1.213308127344425,26.448787024123042,0.045889971426261375,25.83783627792733,0.926950015091768,25.854458413501074,0.035860303100822895,3.4431205573054406e-11,2.570841183471958e-12,3.452704941932583e-11,0.07452773045434309,1.0000812371096743,-0.0011146433099312035,1.000081858273874,-0.001114552305376683,-2.445729237862091
12774647887.323944,0.01581245691610278,-0.00632349698003278,0.017029985548440443,-0.38042537187337894,187.5577400695472,126.74244778347472,226.36597343713711,0.5942658462566317,-156.2047026543096,-59.262498768251994,167.06870709854178,-2.7789788008596066,-472.3072537966631,-71.34890719275319,477.6660010368602,-2.991661693643984,0.0002704781884628293,0.00010729634743485442,0.000290982742799285,0.37765080958585623,-9.967589451868696e-05,-5.233350297768621e-05,0.00011257921425385727,-2.6581168802799655,-0.0001708022939441424,-5.496284445716825e-05,0.00017942780689570971,-2.830264837934648,-0.013523236694422942,-0.005759478665250869,0.014698623241272194,-2.738964191589154,26.368487505078775,1.0787673088094063,26.390545129118713,0.04088843008576415,25.783551764035806,0.8675461096577103,25.798142914192415,0.033634580123949404,3.410788447478986e-11,2.263897522798448e-12,3.4182934563014686e-11,0.06627739355867608,1.0000740893086648,-0.0011187146945201465,1.000074715023394,-0.00111863134926743,-2.763941844003937
12915492957.74648,0.01492634441250884,-0.007575465216404788,0.01673868067578185,-0.46964799375576405,184.5290258695283,53.77487416841019,192.2048346951382,0.28356389625736245,-154.8550757481944,21.653343978096657,156.36163784769204,3.002663709406879,-452.27119482062193,34.839861396687766,453.61112156406983,3.0647113670948922,0.0002639118037239429,1.6740340643485406e-05,0.0002644422037982684,0.06334670336235948,-9.853560791722753e-05,-9.743787421157337e-06,9.901619777049765e-05,-3.043027139886228,-0.00016537619580671542,-6.996553222328019e-06,0.00016552413085859694,-3.099310973624947,-0.013194908303638425,-0.0012360591953588138,0.013252676992813841,-3.0481882541747827,26.29429865012204,0.958447579121884,26.311760930499016,0.036434644886255356,25.720861564137298,0.8181683994327131,25.733871048315795,0.03179880313717379,3.3991299051077806e-11,1.7873347612642131e-12,3.403825754542419e-11,0.05253374490118401,1.0000611822031316,-0.0011270876116272783,1.0000618173273137,-0.0011270181809743404,-3.0782459502274335
13056338028.169016,0.01351803349667935,-0.008636888662324396,0.016041604513973427,-0.5685438406910346,158.10340838861808,-5.252196590606281,158.19062334134892,-0.03320779652171391,-118.30539967043157,84.54584599586738,145.41034236373105,2.521108191700659,-408.6820155969828,124.96508733661238,427.3608111718477,2.8448453813164893,0.0002283804944172284,-5.7099140577944166e-05,0.00023541019961972241,-0.24499521736645846,-8.152066891537133e-05,2.4247006392232626e-05,8.505020152471455e-05,2.852491784955077,-0.00014685982550185708,3.2852134185711516e-05,0.00015048943839018046,2.921518564723228,-0.011418333899129591,0.0024515332877159887,0.011678542909660928,-3.3530834739278856,26.189444905378878,0.8562263599328851,26.203437713996973,0.03268192563196299,25.605901045045485,0.7804556457845147,25.617792241793563,0.030470089593655405,3.399615064296179e-11,1.362158207513901e-12,3.4023429185213653e-11,0.04004659133882137,1.0000496027842716,-0.0011377928441780778,1.0000502500382347,-0.0011377359183727166,-3.386587870956252
13197183098.591549,0.012846471088287847,-0.00951319163151772,0.015985388154192388,-0.6374124265424227,117.48579929769186,-44.419122130793156,125.60243408265559,-0.3614688848361804,-62.65366452623333,117.2113734191787,132.90593567397937,2.061689290828739,-348.37739419165115,194.05872406460605,398.78013637761353,2.633363634361748,0.000175418580276755,-0.00010633323656035113,0.00020513028909381454,-0.5449429000643036,-5.542296325193155e-05,4.48230676362478e-05,7.127981655383661e-05,2.4615418411494128,-0.00011999561702482341,6.15101689241033e-05,0.00013484231155775923,2.667913186277872,-0.008770229477478913,0.004908855659827525,0.010050561624937225,-3.6518663034842196,26.10408985126109,0.7744583635346162,26.115575672758226,0.02965938529195285,25.586164870909602,0.7536301159941655,25.59726139947596,0.029446081118052855,3.360649326164836e-11,6.885109965230226e-13,3.3613545435397765e-11,0.02048457375943963,1.0000305062036607,-0.0011381907401768654,1.0000311539227722,-0.0011381555279024861,-3.686535553654096
13338028169.014088,0.011556592462181325,-0.01017953525568207,0.015400576851489052,-0.7221293371363493,72.56754394207603,-62.70261401543054,95.90446412004609,-0.7125994249147126,-6.221784896241025,118.19274979692541,118.35639700436015,1.6233887864171752,-279.54998099592706,240.28900164201752,368.62853414371045,2.4315766489590973,0.00011736316568711116,-0.00012939280963062045,0.0001746900450632671,-0.8341107722890446,-2.765692047086253e-05,5.124501903303699e-05,5.823192617137044e-05,2.065697044729592,-8.970624521624864e-05,7.814779059758349e-05,0.00011897179332128052,2.424946113442597,-0.00586745026878016,0.006057450866966775,0.008433248701557716,-3.942922565216978,25.982971849349283,0.7138531794674591,25.992776159654692,0.027466975526459797,25.504575369974802,0.7383115414054565,25.515259527092763,0.02894011759590373,3.325190987740309e-11,3.8343475078124904e-13,3.325412053720627e-11,0.01153069879587811,1.000022152063832,-0.0011392922097845002,1.0000228010426147,-0.0011392664797742137,-3.975703425878836
13478873239.43662,0.010337072825457594,-0.010634740878100122,0.014830805377428011,-0.7995909303987322,31.59864467623824,-63.0294477043628,70.50663531393457,-1.1060841218057564,36.43077933377067,94.9712063738483,101.7188857733409,1.2045089401131353,-209.9024577258912,264.01792335937813,337.2899429487455,2.2425000942642934,6.489078080896887e-05,-0.00013004605983183416,0.0001453368195323629,-1.107962601094135,-4.355281969277924e-06,4.620838754629661e-05,4.641318304814546e-05,1.664771762668728,-6.053549883969095e-05,8.383767228553759e-05,0.00010340842283889364,2.1961721526294276,-0.0032438227901993516,0.006085728751176856,0.006896265708854128,-4.222674651427552,25.86529314580547,0.6756872567370706,25.87411723687145,0.0261173771843977,25.43052010297024,0.7345781575516439,25.441127289825925,0.02887766157546927,3.2917870892857945e-11,3.8685068554161123e-13,3.292014394822368e-11,0.011751454978254135,1.000022810687498,-0.0011417193632178827,1.000023462433971,-0.0011416928243568106,-4.249555254683929
13619718309.859154,0.008424243662451314,-0.010882131872275594,0.013761855811261338,-0.9120266398584517,-0.1557290886400806,-50.8207738238243,50.821012422042074,-1.573860597357961,58.248898403076886,60.094350223866314,83.69148758386767,0.8009909604089893,-105.58937899898764,268.47942896591593,288.49665636754986,1.9455019819464217,1.3637865946804441e-05,-0.00011548754218237681,0.0001162899986538364,-1.4532512050514919,1.2008613538366472e-05,3.432930792231229e-05,3.636905527421317e-05,1.2342939401586028,-2.5646479485170902e-05,8.115823426006451e-05,8.511404642122712e-05,1.87687197132354,-0.000681169067176277,0.005353416936684358,0.005396578934478466,-4.585829004393112,25.660142018656366,0.6591497078819151,25.66860663836304,0.02568203960823394,25.333799261295855,0.7413931366067698,25.344645367308697,0.029256630044817145,3.202200570764117e-11,3.077175926472601e-14,3.202202049280108e-11,0.0009609563521330094,1.0000126981108963,-0.0011261492310570861,1.0000133322086888,-0.001126134455223985,-4.594843858641285
13760563380.281693,0.007938934459029712,-0.010980670195597477,0.01354997410658973,-0.9448057071797379,-20.707225686326023,-31.966470453205755,38.08732635484036,-2.145609010748157,59.633435841536816,25.691406691203166,64.93223427573925,0.406791730610517,-88.80307553001661,258.0436707315561,272.89654125365087,1.9022408936635695,-2.4618346922766544e-06,-9.342631476089885e-05,9.34587444804104e-05,-1.5971407795652035,1.8349013602570693e-05,2.053851985449855e-05,2.7541189117410225e-05,0.8416423322688142,-1.5887178910294032e-05,7.28877949064003e-05,7.459914945926103e-05,1.7854072495354416,0.00012382367884286239,0.004245968252122075,0.004247773381604858,-4.741543365681315,25.62136822170402,0.6602015901759151,25.629872720944505,0.02576191578130911,25.29723230025861,0.7564283625855529,25.308538992224968,0.029892718373038106,3.1976182878366195e-11,-5.759137828001864e-14,3.1976234741407114e-11,-0.0018010691340638778,1.0000105821352183,-0.0011358934492350183,1.0000112272551476,-0.0011358809406697011,-4.738733433154996
13901408450.704226,0.0069251409957612475,-0.010894378211034011,0.012909107421360536,-1.004566749487139,-30.624763940680275,-12.368376988413415,33.02806254914002,-2.757755831408387,46.98491950921257,0.5866039476715219,46.98858122436352,0.012484292362943081,-49.769870912623425,237.9429753551958,243.09236839428445,1.776990782934078,-1.504508030809606e-05,-7.080487115374004e-05,7.2385663087208e-05,-1.7801688172226562,1.8781457492349842e-05,8.582301766315475e-06,2.064943217488185e-05,0.4286235502552656,-3.7363771842537924e-06,6.222256938742457e-05,6.233465052148666e-05,1.630772891495598,0.0007529933969159985,0.0031105073500426526,0.003200352329114477,-4.949900287643605,25.531494132422317,0.6803176592699444,25.540556469102818,0.02663991034320921,25.228196330392123,0.7806934669859795,25.240272826857584,0.03093540259019948,3.18556438364818e-11,6.665301602922654e-14,3.185571356697769e-11,0.0020923425407644485,1.0000148677789544,-0.0011436110028529831,1.0000155216920816,-0.001143593501617063,-4.921761470812449
14042253521.126764,0.005962707562363168,-0.010688702622805385,0.012239372746714989,-1.061945172147112,-32.6502731151235,4.717824940408625,32.98936505391545,2.9980901564999987,28.352227458422128,-12.299344850896558,30.905059223618725,-0.4093050631006076,-20.667428730063545,213.69631282233212,214.6934016782357,1.667210482955715,-1.90829514941264e-05,-5.1661403005594817e-05,5.5073220336508946e-05,-1.924635263604726,1.536290645807913e-05,2.3262771670754723e-07,1.5364667601164363e-05,0.015141011267540007,3.7200450360472825e-06,5.142877528888728e-05,5.1563142483610164e-05,1.4985881650158683,0.0009548941041898675,0.0021489438268971926,0.002351548919622154,-5.130538682822781,25.43735357030413,0.7135915178951032,25.447360757357064,0.02804554387732177,25.17133227246593,0.8106927475041683,25.18438387377664,0.03219585698705325,3.153661621187064e-11,9.549810434226214e-14,3.1536760803588483e-11,0.0030281565974977494,1.0000162939228723,-0.0011449931970378155,1.0000169494166875,-0.0011449740405701835,-5.066227917194521
14183098591.549297,0.005116616033619348,-0.010384156764187944,0.011576289186899263,-1.112979252752612,-29.897049883570418,17.443367726229987,34.61364859955072,2.613432810595859,10.583370703904023,-14.519290987117383,17.967124038778213,-0.9409248679393016,-2.817596901310013,189.5680440139415,189.58898217873823,1.5856584806945353,-1.7730143262219302e-05,-3.773367892947783e-05,4.1691587948310885e-05,-2.010055495924257,1.0611337624678454e-05,-4.289339968274448e-06,1.1445476117154465e-05,-0.38414103709014585,7.1188056375408495e-06,4.202301889775228e-05,4.262172580956722e-05,1.4029869169213591,0.0008872605383585498,0.0014481661491564102,0.0016983569879418195,-5.262078924760614,25.355182667331,0.7576407170546685,25.366499710245037,0.029872210096919524,25.12083450806288,0.8455325816790271,25.135060209360212,0.033645916351140205,3.118359658034989e-11,9.015366969956349e-14,3.1183726899942044e-11,0.002891052617790169,1.0000166512906963,-0.0011447454839290582,1.000017306500683,-0.001144725922741058,-5.151648149514051
14323943661.971832,0.004393369185364704,-0.010010735228677388,0.010932360797997595,-1.157240095643094,-25.200571525031656,25.763971768968453,36.03957611432799,2.3451401912889898,-2.618825693068312,-10.070419284415284,10.405363644515168,-1.825212442648102,6.405380077922923,168.6743541589125,168.79593195592395,1.5328397344537756,-1.4211575308164826e-05,-2.88184728279338e-05,3.21321217611598e-05,-2.028941829182065,6.272866416850455e-06,-5.895148589318116e-06,8.608230362495514e-06,-0.754366267493899,7.938708891314379e-06,3.4713621417251916e-05,3.560981059709985e-05,1.3459710861030754,0.0007113386695565427,0.0009980130563855853,0.0012255744626592747,-5.331624067266602,25.285806006762932,0.809182209259441,25.29875019164841,0.03199052278279188,25.07684717571899,0.8837620554314503,25.092415181583966,0.03522757232738489,3.096229081812723e-11,2.239927588140973e-13,3.096310103110292e-11,0.007234246736226164,1.0000213632458657,-0.0011488723564267902,1.0000220231853951,-0.0011488473078727997,-5.170534482771858
14464788732.394367,0.003792706743236396,-0.009597250089737556,0.01031948805538135,-1.1944461169996958,-20.47550405195973,30.66260827731866,36.87060906128499,2.159560901689743,-10.687061665248066,-2.919280836590537,11.078604950069282,-2.874937611966822,10.166527346553448,152.6169828250383,152.95522784431475,1.5042799467562238,-1.0561254248199496e-05,-2.376183146057292e-05,2.6003167608116227e-05,-1.9890361283315383,3.0763596409373233e-06,-5.7998829051541e-06,6.565259351608799e-06,-1.083111827249016,7.4848946072621674e-06,2.9561714365727014e-05,3.049456678693196e-05,1.3228123533984257,0.0005288288142554086,0.0007407869243336797,0.0009101786539194018,-5.33236605046956,25.229281589528874,0.8650396446079865,25.244107096716334,0.034273702885786975,25.039232790494523,0.924041049220736,25.05627726932358,0.036886989314547106,3.079357942487298e-11,3.762677317760282e-13,3.0795878152797286e-11,0.012218423914820383,1.0000267407310015,-0.001154520701881067,1.0000274071719837,-0.0011544893170601438,-5.13062878192133
14605633802.8169,0.0036934378608836083,-0.009180940492646988,0.009896016954398047,-1.1883138741816988,-16.576613398810128,33.45090582924631,37.33292397563733,2.0308780111909144,-14.84298506185737,4.565113160544916,15.529148840651294,2.843214303622968,11.551500597642061,141.4312615163988,141.90221598050297,1.4893014974022756,-7.746858963608488e-06,-2.1247420711958335e-05,2.2615629788113295e-05,-1.920420212762108,1.018064193474354e-06,-4.943800334188288e-06,5.047535680543012e-06,-1.3677078472053232,6.728794770134132e-06,2.619122104614663e-05,2.704175916886138e-05,1.319324489644096,0.0003881149024387889,0.0006106710748063895,0.0007235691667700204,-5.2785422503768835,25.212275342440286,0.9222317986361118,25.22913671597659,0.03656238084950856,25.04058502857048,0.9644588227704488,25.059151609619345,0.038496797532213085,3.0706432811133766e-11,5.942484483385027e-13,3.071218239075539e-11,0.019350156440482477,1.0000343931580875,-0.0011635608479957475,1.000035070071501,-0.0011635203057896097,-5.0620128663519015
14746478873.239439,0.002928943187149091,-0.008751326121817365,0.009228456917814053,-1.2478291902253549,-13.640379484231744,35.15033747348799,37.70419309538322,1.940965918766212,-16.476966700791227,11.591465674842222,20.145781398348095,2.528524820379984,12.864364827822694,134.3801669552767,134.99452267907526,1.4753560432196635,-6.082783209413364e-06,-2.0298391816410237e-05,2.1190209104801944e-05,-1.8619487201395604,-1.6298408803137339e-07,-3.81806721105682e-06,3.821544326721677e-06,-1.6134580163203447,6.245767297444729e-06,2.4116459027467066e-05,2.4912109608728996e-05,1.3173805487727508,0.00030491660562656785,0.0005588230806060528,0.0006365982813398627,-5.211879144749076,25.15167828333446,0.978461784583244,25.170703365862625,0.0388828379506078,24.98145442606204,1.0061915531410337,25.00170967520075,0.04025578161896681,3.060392252023713e-11,6.822895806286673e-13,3.0611527121274295e-11,0.022290494763659047,1.0000378677637012,-0.0011702354998331613,1.0000385524631012,-0.0011701906531774748,-5.0035413737293535
14887323943.661972,0.002639330662392192,-0.008359258526865088,0.008766029287220655,-1.2649647958571,-11.303570498154873,36.39964031557185,38.11436108751872,1.8718952336916568,-16.055300074044787,18.352528586525533,24.38417449877808,2.2895287230296217,15.585636240535951,129.4232792006368,130.35834172030687,1.4509496899982923,-5.660656074685782e-06,-2.0102699708754267e-05,2.088448138633626e-05,-1.845275916957308,-6.465512386212698e-07,-2.5856129948085495e-06,2.6652247678358268e-06,-1.8158288582903677,6.307207313307058e-06,2.2688312703562815e-05,2.3548681437135362e-05,1.2996490605055535,0.00028381536275374293,0.0005446406879748291,0.0006141535957174995,-5.192778228152141,25.127711563760787,1.0315228957597775,25.148875281332845,0.041028170709996106,24.960049587964416,1.0462698116542564,24.98196861643257,0.041893252373124634,3.0600538276282897e-11,8.696724980292858e-13,3.061289390195058e-11,0.02841252193032791,1.0000448783560358,-0.0011812595972361423,1.0000455760116007,-0.0011812060372677527,-4.9868685705471005
15028169014.084509,0.00242184718139693,-0.008006349577256778,0.00836462655013839,-1.2770559535478108,-9.277014737175653,37.35369045603149,38.488455322587214,1.814227138379063,-13.31120699407631,24.549786354257428,27.926335987358428,2.067641184780425,19.94966714824185,124.77533256433223,126.3600919430868,1.4122534844557288,-6.462917897784096e-06,-2.001439282952425e-05,2.103200485184448e-05,-1.8831399137769491,-4.3882848601017724e-07,-1.3982046471314305e-06,1.4654510143276416e-06,-1.8749118897478525,6.901746383794278e-06,2.141259747665569e-05,2.249740949183925e-05,1.2589886962165748,0.0003239331770824117,0.0005358263032226578,0.0006261329974054751,-5.256146514247701,25.11110535863001,1.0800828403939506,25.134322972269025,0.04298566294845674,24.942639621847917,1.0848414461087943,24.966220223906003,0.04346605572710073,3.0563608678276746e-11,9.2119647821732e-13,3.057748809811417e-11,0.030131182803242576,1.0000472907994562,-0.0011906052014622162,1.0000479995360612,-0.0011905483369561262,-5.024732567366743
15169014084.507044,0.0022578501649799243,-0.007699701055328792,0.00802391947298396,-1.2855540641013277,-7.44210183713184,37.980803532580126,38.703053067357516,1.7642886407285534,-8.113367105587194,29.073440225196403,30.184294795772402,1.8429373957500512,25.249803590077114,118.92873303152781,121.57958760343729,1.3615923755963215,-8.281066825422478e-06,-1.9350356623875155e-05,2.1047859017920605e-05,-1.9751665639196836,4.504078330275476e-07,-5.517428344751179e-07,7.122410908163112e-07,-0.886173159617145,7.830658992394929e-06,1.9902099458350274e-05,2.1387210736915687e-05,1.1959414801653578,0.0004148449405511412,0.0004982241799818477,0.0006483237294897236,-5.406722155718123,25.099758182426154,1.1233702590526682,25.124884508295604,0.04472637025577409,24.928430907197306,1.1215451855474898,24.953647651157837,0.044960285727988575,3.0598557501311877e-11,1.059938582171368e-12,3.0616910212480036e-11,0.034626303311736044,1.000052994428468,-0.0012029091647823423,1.0000537178850963,-0.0012028448405701124,-5.116759217509478
15309859154.929577,0.002129232438642381,-0.007441067798343871,0.007739710637828592,-1.2920975002041943,-5.852653394079547,38.272988639360456,38.71789264848805,1.7225394612570946,-1.3690507243946777,30.48240638765177,30.51313486136616,1.6156789809909404,30.17163440360352,111.13238580094735,115.15526343331128,1.305693715163586,-1.0559788866009086e-05,-1.752334109419485e-05,2.0459145241143075e-05,-2.1131347566874368,1.7899973771845864e-06,-4.1805237339223607e-07,1.8381671298406407e-06,-0.22943660078632644,8.7697914888245e-06,1.7941393467587078e-05,1.9970048630792945e-05,1.1161470703898202,0.000528784937590322,0.000402471793698656,0.0006645276931365722,-5.632601706864875,25.09161957136432,1.1612357671932443,25.118476092730667,0.046246826521278456,24.91665272055833,1.1562247872637552,24.943464846640488,0.04637043225710282,3.0592174323693754e-11,1.0538542653528985e-12,3.0610320786686795e-11,0.0344348748033441,1.000053604180283,-0.001213294012297903,1.0000543401817394,-0.0012132283828930517,-5.25472741027723
15450704225.352116,0.002019846398145897,-0.007227454937345107,0.0075043910041693,-1.2982804991246217,-4.5890687135705726,38.34400022934099,38.61763723022907,1.689911294428995,4.890467602553991,28.10864632544849,28.530907304549203,1.3985361949343849,33.27952175232914,101.53884155784804,106.85346467463522,1.2540776807867404,-1.2421635206737465e-05,-1.432277647041647e-05,1.895887515204358e-05,-2.2852283120495693,3.0738799769010916e-06,-1.1962419881319967e-06,3.2984440281083208e-06,-0.37112983049072806,9.347755229836379e-06,1.551901845854846e-05,1.8116855735852768e-05,1.0286566124111636,0.0006218807137012087,0.00023804062965217016,0.0006658820942469668,-5.917615346971804,25.084862984349883,1.1940884368176568,25.113267372816082,0.047566046047909934,24.906603838579027,1.1889059187552589,24.93496364656605,0.047698359430162846,3.06076099087872e-11,1.0827811447958073e-12,3.0626756265331355e-11,0.03536146060864563,1.000055604108054,-0.0012247403799474064,1.0000563540605716,-0.0012246716708744349,-5.426820965639362
15591549295.774649,0.001916679726950532,-0.007052129878164448,0.00730795436454025,-1.3054193326712857,-3.6239078078202622,38.371284834609355,38.542031701225916,1.664960246813033,8.418121214427975,22.868167350974755,24.36837792658736,1.2180752183513432,33.495318675076,91.08933029813711,97.05257578914645,1.2184238297868144,-1.2960930233029615e-05,-1.0135031526611063e-05,1.6453102338187207e-05,-2.477944006614684,3.7160054908236505e-06,-2.6969531043872765e-06,4.591541446518336e-06,-0.6278105682853238,9.24492474220597e-06,1.283198463099834e-05,1.581545013773651e-05,0.9464707436591906,0.0006488484727311101,2.4249100813312618e-05,0.0006493014395916186,-6.245830174710935,25.078031807004322,1.222779184465828,25.10782484101488,0.04872039188029488,24.897691266593935,1.2197612379053695,24.927551983380244,0.04895179931480191,3.063930909939374e-11,1.1569126449291923e-12,3.0661143308040375e-11,0.0377411673526588,1.000059381071145,-0.0012371109850429936,1.0000601462472096,-0.001237036897432978,-5.619536660204477
15732394366.197184,0.001810631785314265,-0.006905957768911165,0.0071393725332115,-1.3143836277750949,-2.805367111021272,38.46052383561668,38.562701906604495,1.6436088466170962,8.06016964486109,17.06246441235944,18.870453797589832,1.1294781319604823,30.436755212194644,81.17754757077506,86.69596471262376,1.2120777686043782,-1.167401090134831e-05,-5.879656994638484e-06,1.3071070992822297e-05,-2.6750264807743345,3.3756712447425764e-06,-4.357646873232919e-06,5.512190365397273e-06,-0.9117020782012272,8.298339656605737e-06,1.0237303867871405e-05,1.317819530662413e-05,0.8896264189138162,0.0005845050477537672,-0.00019292528304825203,0.0006155211740378083,-6.601992446516501,25.070138189901567,1.2484411539425575,25.101203839171113,0.04975683426405657,24.88945669350995,1.2490659067489291,24.920778883042757,0.050142472693349226,3.063506562894079e-11,1.1561519458307876e-12,3.0656874162434716e-11,0.037721594519485854,1.0000604273678315,-0.0012479945233249592,1.0000612060656386,-0.0012479184670624937,-5.816619134364127
15873239436.61972,0.0016967778326661964,-0.006778899358493254,0.006988027727907757,-1.3255326482233434,-1.9654738220724324,38.55826582928901,38.60832748394273,1.6217263697272135,4.504910171512937,13.191755005976692,13.939749488104576,1.2417189020371715,24.521471831071405,73.19993312471436,77.19801027374142,1.2475527353684592,-8.74936351243804e-06,-2.6249585855362535e-06,9.134646651543923e-06,-2.850120179743186,2.1766684449479854e-06,-5.51794370620892e-06,5.931744116541349e-06,-1.1950654486461851,6.5726950674900575e-06,8.142902291745176e-06,1.0464567749463755e-05,0.8916995446511644,0.0004382747376940227,-0.000360067263606365,0.0005672152854267415,-6.970932678421278,25.06069887036336,1.2723067786423268,25.092974961331517,0.050725454722395445,24.881587132502844,1.2771481569621908,24.914342970408892,0.05128403980547869,3.061693464109652e-11,1.1499574277158807e-12,3.0638522955631115e-11,0.03754187489200547,1.000061276127469,-0.001258428944672062,1.0000620679003431,-0.0012583511735662835,-5.99171283333298
16014084507.042253,0.0015740835894078042,-0.006661461070762795,0.006844910718463109,-1.3387555542898963,-1.0608424964693624,38.49301607883533,38.50763136896103,1.5983487025397285,-0.12360173813918192,12.57220923391409,12.572816804956073,1.580627355996968,16.815917201164943,68.13691599826033,70.18129660436904,1.3288354744756492,-5.001865452742386e-06,-1.0859092457171794e-06,5.118384207664744e-06,-2.9278093331152477,6.464870582629225e-07,-5.780570029860731e-06,5.816608581177313e-06,-1.4594211954840384,4.3553783944794656e-06,6.8664792755779125e-06,8.131288864690484e-06,1.0055403602307444,0.00025090139702188123,-0.0004414282213840107,0.0005077503182291301,-7.337132540110376,25.04970166411701,1.2955282364493566,25.083180557351653,0.051672272115023996,24.873908531003806,1.3043412873767335,24.90808366379677,0.052390146628895934,3.05858844360236e-11,1.1446867276883634e-12,3.060729707828407e-11,0.0374078683801846,1.0000621377465615,-0.0012684281980648836,1.0000629421513012,-0.001268348705557344,-6.06940198670504
16154929577.464794,0.001444631084962067,-0.006545879771309403,0.006703394733422486,-1.3535849300560725,-0.22701242017282916,38.11988365499703,38.12055960383351,1.5767514797183202,-3.5629518306808294,14.730382880314862,15.155157721001286,1.8081160292616665,8.693201116062841,66.29774232338245,66.86525542329089,1.440416518509959,-1.4703160583391335e-06,-1.312035447398295e-06,1.9706004989950576e-06,-2.4130205958602264,-5.93088754310339e-07,-5.208409070920707e-06,5.242068229290658e-06,-1.6841793273886572,2.0634048126494724e-06,6.5204445183190004e-06,6.839140014456591e-06,1.264315525413843,7.43249770882512e-05,-0.0004345318614895454,0.000440842535230822,-7.684574943028434,25.037509138962168,1.3190296337778735,25.072229718523207,0.05263348572873505,24.866364339726296,1.330943717822758,24.901957486431137,0.05347283245285452,3.051188519927272e-11,1.0869982869302805e-12,3.0531241437081896e-11,0.03561034554246609,1.0000609474115016,-0.0012765877356005074,1.000061762199634,-0.0012765092422767305,-5.55461324945002
16295774647.887323,0.0013125123060252486,-0.006426869138105484,0.006559522503338215,-1.3693438343747362,0.3052570936431769,37.45771776316368,37.458961570204366,1.5626471293924296,-4.668939317347302,17.95960229271222,18.55657050377212,1.8251353203372336,1.427960481146152,67.3006785303652,67.31582578995283,1.5495818860665602,1.0701206232504605e-06,-2.7496597937138098e-06,2.9505570879873207e-06,-1.199649659662759,-1.167255443009052e-06,-4.2289782504789245e-06,4.387110930015109e-06,-1.8401046141462607,9.713481975859148e-08,6.9786380441927355e-06,6.9793140153645265e-06,1.5568783463721536,-5.2696335950856216e-05,-0.0003670620844561231,0.00037082540051609135,-7.996569831378784,25.02471871623545,1.3434140611675072,25.060752346377146,0.053632001529598086,24.85898402252197,1.3571921040051829,24.896004840921293,0.0545414911471969,3.0498225633303714e-11,1.1547776663198723e-12,3.052007991861317e-11,0.0378456864914325,1.0000645259676366,-0.0012875076582387025,1.0000653547518,-0.0012874238746364403,-4.34124231325255
16436619718.309862,0.0011826109527316442,-0.006301843783692366,0.006411848699055754,-1.3852927501706096,0.37283082783552524,36.7098088334736,36.71170205011421,1.5606405122701175,-3.781630207179412,20.539015079595934,20.884249267419715,1.7528764566705772,-4.128274621027148,70.27218594591085,70.39334321484728,1.6294758058415555,2.383932560943477e-06,-4.6038522174790885e-06,5.18445654775056e-06,-1.0930004175504258,-1.0922337966934547e-06,-3.33764068322092e-06,3.5118114979210955e-06,-1.8870594587439484,-1.2916987642500221e-06,7.941492900700006e-06,8.045855777320002e-06,1.7320362020826188,-0.00011838695673466953,-0.0002787654256405376,0.0003028624011947449,-8.255583808119546,25.01200729404021,1.368937438710996,25.049441083350047,0.05467665939787568,24.851848148473714,1.3832494851717978,24.890314090686445,0.05560245190863456,3.0416748603520824e-11,1.1211075846942226e-12,3.043740261300633e-11,0.03684155485831048,1.0000641346221568,-0.00129535138529172,1.0000649735356073,-0.0012952675893827016,-4.234593071140219
16577464788.732395,0.0010595039851679644,-0.006170648154530223,0.006260946201780849,-1.4007538031565085,-0.0010447909281465309,36.15038006578471,36.15038008088259,1.5708252280381465,-2.101573531119245,21.682478923873735,21.78408831213576,1.6674194732863623,-7.688941365443296,74.1692606633858,74.56674222919017,1.674094827194073,2.7165373158250708e-06,-6.237886603664939e-06,6.803734582451949e-06,-1.1600742010948049,-6.597818979224457e-07,-2.8257096235067343e-06,2.901714498224233e-06,-1.8001791674322365,-2.0567554179026257e-06,9.063596227171671e-06,9.29403138677035e-06,1.793942133476723,-0.00013501777986786568,-0.00020147822279239895,0.00024253510084115863,-8.444382135051779,24.999990663853005,1.3955466876497704,25.038911393072734,0.055764014634378446,24.845056458769612,1.4092070684068423,24.884989351034445,0.05665910949782006,3.0405368682476386e-11,1.2022765915139602e-12,3.04291293618437e-11,0.039521000051671834,1.0000682122626547,-0.001306298740701525,1.0000690654122957,-0.001306208898309324,-4.301666854684596
16718309859.154932,0.000946669661611832,-0.0060349187859333325,0.006108717394103881,-1.4151989542039134,-0.6189186559179282,35.964796651371515,35.970121746765706,1.588003641357449,-0.7217380159327597,21.639142739737103,21.651175586428543,1.6041373223928523,-9.469466638149315,78.0927277594453,78.66476293310657,1.6914664546128517,2.5167420476070894e-06,-7.372749420237802e-06,7.7904701108348e-06,-1.2418416432293247,-1.953880153598723e-07,-2.7036454161083536e-06,2.710696407307536e-06,-1.6429392654125476,-2.3213540322472185e-06,1.0076394836346157e-05,1.0340329658234976e-05,1.7972212756300259,-0.000125029180408973,-0.0001491511839564876,0.00019462366667330445,-8.551627144461246,24.989122768819975,1.42296617631285,25.02960426163561,0.0568819946269022,24.838703391825824,1.4350957190223144,24.880126324234283,0.05771243528112446,3.0366053950855634e-11,1.2371216497983546e-12,3.0391243846257334e-11,0.04071776617779712,1.000070469730347,-0.0013159002620340716,1.000071335465714,-0.0013158067780582787,-4.383434296819118
16859154929.577469,0.0008461009601151703,-0.005897272798068197,0.005957660051525507,-1.428295528433041,-1.2328518574773917,36.16234648254514,36.1833556601116,1.6048752700293596,-0.0686712717180225,21.123297310845793,21.12340893478002,1.5740472884598344,-9.980140522284909,81.48075570005857,82.08968725910206,1.6926738911618657,2.1664067783049725e-06,-8.037727487122944e-06,8.324564942766522e-06,-1.307522830867618,1.1782458516540232e-07,-2.8119720529710616e-06,2.814439457433698e-06,-1.5289197715893457,-2.2842313634703752e-06,1.0849699540094004e-05,1.1087546754452843e-05,1.778299974897375,-0.00010751417752350641,-0.00012031999715082559,0.00016135736761279518,-8.583232119917268,24.979648720709186,1.4508072933610525,25.021744383885345,0.05801439795512865,24.83286285325003,1.4609022205198132,24.875797731655663,0.05876166497551848,3.030290117449481e-11,1.2282143848465474e-12,3.032778149100826e-11,0.04050907459621575,1.0000709599095028,-0.0013243021230117007,1.0000718367349555,-0.0013242073833098155,-4.449115484457411
17000000000.0,0.0007583186047273038,-0.0057605270479690225,0.005810225380883109,-1.4399084356751581,-1.6768917353092363,36.61226790826279,36.65064975247175,1.6165657021959532,0.012526155118138675,20.69678209568508,20.696785886239258,1.5701911045177903,-9.783190419137224,84.13835455152898,84.70521543220285,1.686551567076135,1.8651117985060753e-06,-8.396719023628947e-06,8.601368052972667e-06,-1.352221098393409,2.604060283271644e-07,-2.981977885599982e-06,2.993326478985623e-06,-1.483690686180808,-2.1255178268332393e-06,1.137869690922893e-05,1.1575515944625617e-05,1.7554660322964464,-9.24518038238458e-05,-0.00010678977632914397,0.0001412493977286681,-8.567540883393924,24.971611626155102,1.4786736986007063,25.015352548274386,0.059145124995332664,24.827581543062355,1.4865858738298783,24.872047419496468,0.05980498434451197,3.030879364292516e-11,1.3155308417903506e-12,3.0337330032241166e-11,0.0433770366170429,1.0000753783353045,-0.00133579922658218,1.0000762704474475,-0.0013356977495145876,-4.493813751983203
